,Exclusive dimensions,Distribution,Estimate,Estimator
0,0,Circle,0.6948243372360232,LMI
1,0,Circle,0.6435479052796371,LMI-MINE
2,0,Circle,0.5987946996332303,LMI-InfoNCE
3,0,Circle,0.5388010932264014,MINE
4,0,Circle,0.5103138009461603,InfoNCE
5,0,Circle,0.7336792724298719,KSG
6,0,Gaussian mixture,0.6432113065989347,LMI
7,0,Gaussian mixture,0.6843615004471777,LMI-MINE
8,0,Gaussian mixture,0.6101281495394982,LMI-InfoNCE
9,0,Gaussian mixture,0.30880697440105875,MINE
10,0,Gaussian mixture,0.516333881656962,InfoNCE
11,0,Gaussian mixture,0.5988857672702237,KSG
12,0,Circle,0.6087658018405885,LMI
13,0,Circle,0.5589284758185065,LMI-MINE
14,0,Circle,0.4895998825486631,LMI-InfoNCE
15,0,Circle,0.5189017546169946,MINE
16,0,Circle,0.5526600571722045,InfoNCE
17,0,Circle,0.7437014384053056,KSG
18,0,Gaussian mixture,0.5690269618014965,LMI
19,0,Gaussian mixture,0.6928713054084173,LMI-MINE
20,0,Gaussian mixture,0.6019825542765147,LMI-InfoNCE
21,0,Gaussian mixture,0.5696087754320834,MINE
22,0,Gaussian mixture,0.5084866572633938,InfoNCE
23,0,Gaussian mixture,0.6656677122334841,KSG
24,0,Circle,0.7756340332839009,LMI
25,0,Circle,0.6849057564172144,LMI-MINE
26,0,Circle,0.6468901840178216,LMI-InfoNCE
27,0,Circle,0.44148359234845047,MINE
28,0,Circle,0.5709012250533174,InfoNCE
29,0,Circle,0.6849356813576808,KSG
30,0,Gaussian mixture,0.5925997407251892,LMI
31,0,Gaussian mixture,0.36362112082709075,LMI-MINE
32,0,Gaussian mixture,0.478981767279503,LMI-InfoNCE
33,0,Gaussian mixture,0.6214660162161426,MINE
34,0,Gaussian mixture,0.5522383557122889,InfoNCE
35,0,Gaussian mixture,0.5838515923214097,KSG
36,0,Circle,0.7339337601574351,LMI
37,0,Circle,0.6808713321792026,LMI-MINE
38,0,Circle,0.6982485740790211,LMI-InfoNCE
39,0,Circle,0.4721988338792938,MINE
40,0,Circle,0.6103251520759008,InfoNCE
41,0,Circle,0.7287058209499503,KSG
42,0,Gaussian mixture,0.6068931613364987,LMI
43,0,Gaussian mixture,0.5965226240598203,LMI-MINE
44,0,Gaussian mixture,0.6118274068232372,LMI-InfoNCE
45,0,Gaussian mixture,0.6656872273018932,MINE
46,0,Gaussian mixture,0.5958098163430797,InfoNCE
47,0,Gaussian mixture,0.6218544291883401,KSG
48,0,Circle,0.7505789854408623,LMI
49,0,Circle,0.7138505448069971,LMI-MINE
50,0,Circle,0.6270229902895823,LMI-InfoNCE
51,0,Circle,0.8053423852733451,MINE
52,0,Circle,0.640496412482065,InfoNCE
53,0,Circle,0.7803477166729262,KSG
54,0,Gaussian mixture,0.7170043411720703,LMI
55,0,Gaussian mixture,0.5499199388792884,LMI-MINE
56,0,Gaussian mixture,0.543631485315486,LMI-InfoNCE
57,0,Gaussian mixture,0.544337988679604,MINE
58,0,Gaussian mixture,0.5357066953807523,InfoNCE
59,0,Gaussian mixture,0.5778720884550821,KSG
60,1,Circle,0.01344793439106195,LMI
61,1,Circle,0.6047707006096285,LMI-MINE
62,1,Circle,0.21045332444619883,LMI-InfoNCE
63,1,Circle,0.5777896461683255,MINE
64,1,Circle,0.423095207318199,InfoNCE
65,1,Circle,0.5590100179833806,KSG
66,1,Gaussian mixture,0.09304581095533898,LMI
67,1,Gaussian mixture,0.5744290835263935,LMI-MINE
68,1,Gaussian mixture,0.3925830387183906,LMI-InfoNCE
69,1,Gaussian mixture,0.4271556317137445,MINE
70,1,Gaussian mixture,0.31437327888755895,InfoNCE
71,1,Gaussian mixture,0.5347373286410103,KSG
72,1,Circle,0.03096868289574719,LMI
73,1,Circle,0.5880529549286226,LMI-MINE
74,1,Circle,-0.044279161542319805,LMI-InfoNCE
75,1,Circle,0.566638291086381,MINE
76,1,Circle,0.31530886450825263,InfoNCE
77,1,Circle,0.5799096305317707,KSG
78,1,Gaussian mixture,0.1004927840281589,LMI
79,1,Gaussian mixture,0.5085244135252577,LMI-MINE
80,1,Gaussian mixture,0.4691628603435799,LMI-InfoNCE
81,1,Gaussian mixture,0.3482167988462713,MINE
82,1,Gaussian mixture,0.19559999640989298,InfoNCE
83,1,Gaussian mixture,0.5030877566135975,KSG
84,1,Circle,-0.06198674082969845,LMI
85,1,Circle,0.39205009199317703,LMI-MINE
86,1,Circle,0.6367299284309199,LMI-InfoNCE
87,1,Circle,0.5608496990236406,MINE
88,1,Circle,0.469950848649866,InfoNCE
89,1,Circle,0.5412201486385791,KSG
90,1,Gaussian mixture,0.12632296888490238,LMI
91,1,Gaussian mixture,0.09459870720936471,LMI-MINE
92,1,Gaussian mixture,0.36922646753873056,LMI-InfoNCE
93,1,Gaussian mixture,0.43071988616155077,MINE
94,1,Gaussian mixture,0.20202733203793785,InfoNCE
95,1,Gaussian mixture,0.4122774986953582,KSG
96,1,Circle,0.10566401884703439,LMI
97,1,Circle,0.29791441746088787,LMI-MINE
98,1,Circle,0.0792398480504544,LMI-InfoNCE
99,1,Circle,0.5308284074890287,MINE
100,1,Circle,0.5012083514788798,InfoNCE
101,1,Circle,0.5674757653369958,KSG
102,1,Gaussian mixture,0.27939708230408977,LMI
103,1,Gaussian mixture,0.2641490523834975,LMI-MINE
104,1,Gaussian mixture,0.47140303296617475,LMI-InfoNCE
105,1,Gaussian mixture,0.5132074950382525,MINE
106,1,Gaussian mixture,0.2904573714585768,InfoNCE
107,1,Gaussian mixture,0.45119687207247183,KSG
108,1,Circle,0.12592639859172786,LMI
109,1,Circle,0.3100638892646027,LMI-MINE
110,1,Circle,0.435954645999775,LMI-InfoNCE
111,1,Circle,0.4977989674081755,MINE
112,1,Circle,0.3647077852808789,InfoNCE
113,1,Circle,0.6084115067824045,KSG
114,1,Gaussian mixture,0.3735194229038439,LMI
115,1,Gaussian mixture,0.23280558382997862,LMI-MINE
116,1,Gaussian mixture,0.01708024541605626,LMI-InfoNCE
117,1,Gaussian mixture,0.3664460139331493,MINE
118,1,Gaussian mixture,0.22931478735443453,InfoNCE
119,1,Gaussian mixture,0.4573310982440819,KSG
120,2,Circle,0.029331575226497448,LMI
121,2,Circle,-0.022935365911024696,LMI-MINE
122,2,Circle,0.01023386029613222,LMI-InfoNCE
123,2,Circle,0.36268062577515897,MINE
124,2,Circle,0.0,InfoNCE
125,2,Circle,0.2626869378700113,KSG
126,2,Gaussian mixture,-0.025454137325618464,LMI
127,2,Gaussian mixture,0.0047187820535699405,LMI-MINE
128,2,Gaussian mixture,0.6509285557298509,LMI-InfoNCE
129,2,Gaussian mixture,0.379913803339565,MINE
130,2,Gaussian mixture,0.04373312432260188,InfoNCE
131,2,Gaussian mixture,0.36918810712499006,KSG
132,2,Circle,0.0520691780068978,LMI
133,2,Circle,-0.05087888503401819,LMI-MINE
134,2,Circle,0.05885358496648892,LMI-InfoNCE
135,2,Circle,0.3173769558848779,MINE
136,2,Circle,0.0,InfoNCE
137,2,Circle,0.28788913642719477,KSG
138,2,Gaussian mixture,-0.04366403697774062,LMI
139,2,Gaussian mixture,-0.046990423339532045,LMI-MINE
140,2,Gaussian mixture,0.393822777800061,LMI-InfoNCE
141,2,Gaussian mixture,0.3369886535107166,MINE
142,2,Gaussian mixture,0.20131188421034857,InfoNCE
143,2,Gaussian mixture,0.3327110750021343,KSG
144,2,Circle,0.02753267532422424,LMI
145,2,Circle,0.0658680783219205,LMI-MINE
146,2,Circle,0.020159315219392716,LMI-InfoNCE
147,2,Circle,0.33921961245770893,MINE
148,2,Circle,0.07990245166025745,InfoNCE
149,2,Circle,0.27653508034177876,KSG
150,2,Gaussian mixture,0.056882607656373874,LMI
151,2,Gaussian mixture,0.6436415925171518,LMI-MINE
152,2,Gaussian mixture,0.6118239817362618,LMI-InfoNCE
153,2,Gaussian mixture,0.32062777195148673,MINE
154,2,Gaussian mixture,0.1064297436599405,InfoNCE
155,2,Gaussian mixture,0.4498761696767351,KSG
156,2,Circle,0.14041407787560456,LMI
157,2,Circle,-0.025790950163556082,LMI-MINE
158,2,Circle,0.03131471039531115,LMI-InfoNCE
159,2,Circle,0.39688728710116816,MINE
160,2,Circle,0.1061504438349393,InfoNCE
161,2,Circle,0.3007828797853636,KSG
162,2,Gaussian mixture,-0.0487217066325135,LMI
163,2,Gaussian mixture,0.14313618824491545,LMI-MINE
164,2,Gaussian mixture,0.39528869087325424,LMI-InfoNCE
165,2,Gaussian mixture,0.35667327178052105,MINE
166,2,Gaussian mixture,0.0,InfoNCE
167,2,Gaussian mixture,0.35945639501239773,KSG
168,2,Circle,-0.024039620253218492,LMI
169,2,Circle,0.02283567132069652,LMI-MINE
170,2,Circle,-0.00942805194014325,LMI-InfoNCE
171,2,Circle,0.3868293977134094,MINE
172,2,Circle,0.0,InfoNCE
173,2,Circle,0.3782702211782279,KSG
174,2,Gaussian mixture,0.011340142849305838,LMI
175,2,Gaussian mixture,0.0033907265618806476,LMI-MINE
176,2,Gaussian mixture,0.43058269555437456,LMI-InfoNCE
177,2,Gaussian mixture,0.14177630599586838,MINE
178,2,Gaussian mixture,0.0,InfoNCE
179,2,Gaussian mixture,0.3585412564638124,KSG
180,3,Circle,0.029521167409097535,LMI
181,3,Circle,0.021958207158535685,LMI-MINE
182,3,Circle,-0.02438982316933633,LMI-InfoNCE
183,3,Circle,0.19993645296007326,MINE
184,3,Circle,0.0,InfoNCE
185,3,Circle,0.11064753522999053,KSG
186,3,Gaussian mixture,0.00938598731711024,LMI
187,3,Gaussian mixture,0.3002492707830952,LMI-MINE
188,3,Gaussian mixture,0.03089828328207154,LMI-InfoNCE
189,3,Gaussian mixture,0.2583352258523503,MINE
190,3,Gaussian mixture,0.0,InfoNCE
191,3,Gaussian mixture,0.204435831987209,KSG
192,3,Circle,-0.030475072930829128,LMI
193,3,Circle,0.04634705680551889,LMI-MINE
194,3,Circle,0.01223151394534102,LMI-InfoNCE
195,3,Circle,0.02822785645141451,MINE
196,3,Circle,0.0,InfoNCE
197,3,Circle,0.09328236344613867,KSG
198,3,Gaussian mixture,0.0628827101831541,LMI
199,3,Gaussian mixture,-0.04530597929896186,LMI-MINE
200,3,Gaussian mixture,0.05835757032421551,LMI-InfoNCE
201,3,Gaussian mixture,0.18239000899712063,MINE
202,3,Gaussian mixture,0.0,InfoNCE
203,3,Gaussian mixture,0.22607999707738258,KSG
204,3,Circle,-0.016042390807163843,LMI
205,3,Circle,0.007168002177936195,LMI-MINE
206,3,Circle,-0.002169699340995983,LMI-InfoNCE
207,3,Circle,0.030309362474807082,MINE
208,3,Circle,0.0,InfoNCE
209,3,Circle,0.12178430789665905,KSG
210,3,Gaussian mixture,-0.08180795505405718,LMI
211,3,Gaussian mixture,0.04227035456121054,LMI-MINE
212,3,Gaussian mixture,0.2809350773073246,LMI-InfoNCE
213,3,Gaussian mixture,0.3151863268695129,MINE
214,3,Gaussian mixture,0.0,InfoNCE
215,3,Gaussian mixture,0.23115222256152698,KSG
216,3,Circle,0.030270503606397377,LMI
217,3,Circle,0.05901066070172563,LMI-MINE
218,3,Circle,0.10572356230801544,LMI-InfoNCE
219,3,Circle,0.36017372066485726,MINE
220,3,Circle,0.0,InfoNCE
221,3,Circle,0.10065104900342266,KSG
222,3,Gaussian mixture,-0.029059474225832268,LMI
223,3,Gaussian mixture,0.044116043772035506,LMI-MINE
224,3,Gaussian mixture,-0.05860676072880053,LMI-InfoNCE
225,3,Gaussian mixture,0.0,MINE
226,3,Gaussian mixture,0.0,InfoNCE
227,3,Gaussian mixture,0.21548123164126243,KSG
228,3,Circle,0.0032705215804602725,LMI
229,3,Circle,-0.0763534811299718,LMI-MINE
230,3,Circle,0.005869527755226096,LMI-InfoNCE
231,3,Circle,0.16304866809843832,MINE
232,3,Circle,0.0,InfoNCE
233,3,Circle,0.1263190762433842,KSG
234,3,Gaussian mixture,-0.0036863202863622498,LMI
235,3,Gaussian mixture,0.11580472850296333,LMI-MINE
236,3,Gaussian mixture,0.10244536288509508,LMI-InfoNCE
237,3,Gaussian mixture,0.24829651253016272,MINE
238,3,Gaussian mixture,0.0,InfoNCE
239,3,Gaussian mixture,0.2590152469319743,KSG
240,4,Circle,-0.048122521228831164,LMI
241,4,Circle,0.023090799618790656,LMI-MINE
242,4,Circle,0.01021683677557565,LMI-InfoNCE
243,4,Circle,0.0,MINE
244,4,Circle,0.0,InfoNCE
245,4,Circle,0.0,KSG
246,4,Gaussian mixture,0.0028216455518504284,LMI
247,4,Gaussian mixture,0.003654450904045792,LMI-MINE
248,4,Gaussian mixture,0.042127587507164985,LMI-InfoNCE
249,4,Gaussian mixture,0.0,MINE
250,4,Gaussian mixture,0.0,InfoNCE
251,4,Gaussian mixture,0.1254883899076895,KSG
252,4,Circle,-0.09618969946444393,LMI
253,4,Circle,0.04842210200221351,LMI-MINE
254,4,Circle,-0.01864252037506031,LMI-InfoNCE
255,4,Circle,0.0,MINE
256,4,Circle,0.0,InfoNCE
257,4,Circle,0.0,KSG
258,4,Gaussian mixture,0.0319658039766452,LMI
259,4,Gaussian mixture,0.050103575641025064,LMI-MINE
260,4,Gaussian mixture,0.19849872664813012,LMI-InfoNCE
261,4,Gaussian mixture,0.08665758622084684,MINE
262,4,Gaussian mixture,0.0,InfoNCE
263,4,Gaussian mixture,0.16451358624198878,KSG
264,4,Circle,0.02610443183003259,LMI
265,4,Circle,0.04271558392392762,LMI-MINE
266,4,Circle,-0.026146426680603924,LMI-InfoNCE
267,4,Circle,0.0,MINE
268,4,Circle,0.0,InfoNCE
269,4,Circle,0.033526042021769,KSG
270,4,Gaussian mixture,0.06695208771235749,LMI
271,4,Gaussian mixture,0.029173707539246807,LMI-MINE
272,4,Gaussian mixture,0.003512571788408467,LMI-InfoNCE
273,4,Gaussian mixture,0.08170448587599795,MINE
274,4,Gaussian mixture,0.0,InfoNCE
275,4,Gaussian mixture,0.13904253397699365,KSG
276,4,Circle,-0.05257157669253385,LMI
277,4,Circle,-0.04977169396716048,LMI-MINE
278,4,Circle,-0.012056996441604212,LMI-InfoNCE
279,4,Circle,0.0,MINE
280,4,Circle,0.0,InfoNCE
281,4,Circle,0.040905439857065726,KSG
282,4,Gaussian mixture,-0.013403231484149195,LMI
283,4,Gaussian mixture,-0.025671362688637202,LMI-MINE
284,4,Gaussian mixture,0.04720835638362229,LMI-InfoNCE
285,4,Gaussian mixture,0.0,MINE
286,4,Gaussian mixture,0.0,InfoNCE
287,4,Gaussian mixture,0.17279601538626305,KSG
288,4,Circle,0.0788782816854066,LMI
289,4,Circle,-0.047005843509831016,LMI-MINE
290,4,Circle,-0.09881751497335685,LMI-InfoNCE
291,4,Circle,0.0,MINE
292,4,Circle,0.0,InfoNCE
293,4,Circle,0.05994415840108574,KSG
294,4,Gaussian mixture,-0.0082478658839437,LMI
295,4,Gaussian mixture,-0.02789532935246676,LMI-MINE
296,4,Gaussian mixture,0.01237811976711999,LMI-InfoNCE
297,4,Gaussian mixture,0.0,MINE
298,4,Gaussian mixture,0.0,InfoNCE
299,4,Gaussian mixture,0.1632846370370869,KSG
300,5,Circle,-0.07830907518667159,LMI
301,5,Circle,0.03360833137303359,LMI-MINE
302,5,Circle,0.00247328262385974,LMI-InfoNCE
303,5,Circle,0.0,MINE
304,5,Circle,0.0,InfoNCE
305,5,Circle,0.0,KSG
306,5,Gaussian mixture,-0.010020941490085578,LMI
307,5,Gaussian mixture,0.031543510347536954,LMI-MINE
308,5,Gaussian mixture,0.03458737770106394,LMI-InfoNCE
309,5,Gaussian mixture,0.0,MINE
310,5,Gaussian mixture,0.0,InfoNCE
311,5,Gaussian mixture,0.15406780280492377,KSG
312,5,Circle,-0.013113805981199997,LMI
313,5,Circle,-0.00551130192851771,LMI-MINE
314,5,Circle,0.011681996920491886,LMI-InfoNCE
315,5,Circle,0.0,MINE
316,5,Circle,0.0,InfoNCE
317,5,Circle,0.0,KSG
318,5,Gaussian mixture,0.011212184350423853,LMI
319,5,Gaussian mixture,0.055641999003854255,LMI-MINE
320,5,Gaussian mixture,0.3762578064761323,LMI-InfoNCE
321,5,Gaussian mixture,0.07986392754646417,MINE
322,5,Gaussian mixture,0.0,InfoNCE
323,5,Gaussian mixture,0.1398836081320894,KSG
324,5,Circle,0.024614586910568226,LMI
325,5,Circle,0.039223707921874,LMI-MINE
326,5,Circle,0.006586626083879544,LMI-InfoNCE
327,5,Circle,0.0,MINE
328,5,Circle,0.0,InfoNCE
329,5,Circle,0.01865816506812663,KSG
330,5,Gaussian mixture,0.024753051940294653,LMI
331,5,Gaussian mixture,-0.032530239849538935,LMI-MINE
332,5,Gaussian mixture,0.007839690074189857,LMI-InfoNCE
333,5,Gaussian mixture,0.2112469779853913,MINE
334,5,Gaussian mixture,0.0,InfoNCE
335,5,Gaussian mixture,0.16183020096443135,KSG
336,5,Circle,-0.03028701945092648,LMI
337,5,Circle,0.05731430229712144,LMI-MINE
338,5,Circle,0.0077834467085763255,LMI-InfoNCE
339,5,Circle,0.0,MINE
340,5,Circle,0.0,InfoNCE
341,5,Circle,0.0,KSG
342,5,Gaussian mixture,0.032657698066058824,LMI
343,5,Gaussian mixture,0.08934406146232476,LMI-MINE
344,5,Gaussian mixture,0.3688232360881527,LMI-InfoNCE
345,5,Gaussian mixture,0.0,MINE
346,5,Gaussian mixture,0.0,InfoNCE
347,5,Gaussian mixture,0.11702565922564838,KSG
348,5,Circle,-0.045133555512807684,LMI
349,5,Circle,0.028776618448464526,LMI-MINE
350,5,Circle,0.0068133285706567384,LMI-InfoNCE
351,5,Circle,0.0,MINE
352,5,Circle,0.0,InfoNCE
353,5,Circle,0.02111838856447685,KSG
354,5,Gaussian mixture,0.08196717225723972,LMI
355,5,Gaussian mixture,0.005042189225993908,LMI-MINE
356,5,Gaussian mixture,0.3495043723745414,LMI-InfoNCE
357,5,Gaussian mixture,0.0,MINE
358,5,Gaussian mixture,0.0,InfoNCE
359,5,Gaussian mixture,0.1198889058448633,KSG
360,6,Circle,0.07325640910418173,LMI
361,6,Circle,0.04964635985202735,LMI-MINE
362,6,Circle,0.0721108550551468,LMI-InfoNCE
363,6,Circle,0.0,MINE
364,6,Circle,0.0,InfoNCE
365,6,Circle,0.0,KSG
366,6,Gaussian mixture,-0.06062833391359273,LMI
367,6,Gaussian mixture,-0.017920609459442165,LMI-MINE
368,6,Gaussian mixture,-0.04275857054072877,LMI-InfoNCE
369,6,Gaussian mixture,0.0,MINE
370,6,Gaussian mixture,0.0,InfoNCE
371,6,Gaussian mixture,0.10004621610860068,KSG
372,6,Circle,0.01240331454318604,LMI
373,6,Circle,-0.0628587240797242,LMI-MINE
374,6,Circle,0.05335955741351578,LMI-InfoNCE
375,6,Circle,0.0,MINE
376,6,Circle,0.0,InfoNCE
377,6,Circle,0.0,KSG
378,6,Gaussian mixture,-0.013832395764837387,LMI
379,6,Gaussian mixture,0.07941119831176201,LMI-MINE
380,6,Gaussian mixture,-0.0002578070126741565,LMI-InfoNCE
381,6,Gaussian mixture,0.0,MINE
382,6,Gaussian mixture,0.0,InfoNCE
383,6,Gaussian mixture,0.13947934505249016,KSG
384,6,Circle,0.04326056138892717,LMI
385,6,Circle,0.06734313542132796,LMI-MINE
386,6,Circle,0.030876787321686885,LMI-InfoNCE
387,6,Circle,0.0,MINE
388,6,Circle,0.0,InfoNCE
389,6,Circle,0.0,KSG
390,6,Gaussian mixture,-0.11127636134798519,LMI
391,6,Gaussian mixture,-0.005528751295107941,LMI-MINE
392,6,Gaussian mixture,0.1250270456993801,LMI-InfoNCE
393,6,Gaussian mixture,0.0,MINE
394,6,Gaussian mixture,0.0,InfoNCE
395,6,Gaussian mixture,0.12639095623930496,KSG
396,6,Circle,0.08013200633590498,LMI
397,6,Circle,-0.07909975411326885,LMI-MINE
398,6,Circle,-0.10808046008425796,LMI-InfoNCE
399,6,Circle,0.0,MINE
400,6,Circle,0.0,InfoNCE
401,6,Circle,0.0,KSG
402,6,Gaussian mixture,-0.010138988247281738,LMI
403,6,Gaussian mixture,0.0019334717805175269,LMI-MINE
404,6,Gaussian mixture,0.02741886273464452,LMI-InfoNCE
405,6,Gaussian mixture,0.0,MINE
406,6,Gaussian mixture,0.0,InfoNCE
407,6,Gaussian mixture,0.1449572511086202,KSG
408,6,Circle,0.04011373831057299,LMI
409,6,Circle,0.04884645855418226,LMI-MINE
410,6,Circle,0.08943752124741888,LMI-InfoNCE
411,6,Circle,0.0,MINE
412,6,Circle,0.0,InfoNCE
413,6,Circle,0.0,KSG
414,6,Gaussian mixture,-0.0480582780396413,LMI
415,6,Gaussian mixture,0.0027969914508901147,LMI-MINE
416,6,Gaussian mixture,-0.043763482914681975,LMI-InfoNCE
417,6,Gaussian mixture,0.0,MINE
418,6,Gaussian mixture,0.0,InfoNCE
419,6,Gaussian mixture,0.09984755776296862,KSG
420,7,Circle,-0.05111995046762938,LMI
421,7,Circle,0.011421788859824769,LMI-MINE
422,7,Circle,0.03348912694625459,LMI-InfoNCE
423,7,Circle,0.0,MINE
424,7,Circle,0.0,InfoNCE
425,7,Circle,0.0,KSG
426,7,Gaussian mixture,0.011720998273934526,LMI
427,7,Gaussian mixture,-0.022013421855606813,LMI-MINE
428,7,Gaussian mixture,0.016584508379933596,LMI-InfoNCE
429,7,Gaussian mixture,0.0,MINE
430,7,Gaussian mixture,0.0,InfoNCE
431,7,Gaussian mixture,0.018105478033861297,KSG
432,7,Circle,0.02811513158589745,LMI
433,7,Circle,0.03874490652686421,LMI-MINE
434,7,Circle,0.00027893150659462807,LMI-InfoNCE
435,7,Circle,0.0,MINE
436,7,Circle,0.0,InfoNCE
437,7,Circle,0.0,KSG
438,7,Gaussian mixture,-0.019938906801336365,LMI
439,7,Gaussian mixture,-0.00017522883034199667,LMI-MINE
440,7,Gaussian mixture,-0.08984042340435233,LMI-InfoNCE
441,7,Gaussian mixture,0.0,MINE
442,7,Gaussian mixture,0.0,InfoNCE
443,7,Gaussian mixture,0.11713119059730662,KSG
444,7,Circle,0.024012723056774626,LMI
445,7,Circle,0.013850904297068038,LMI-MINE
446,7,Circle,-0.1208253621027591,LMI-InfoNCE
447,7,Circle,0.0,MINE
448,7,Circle,0.0,InfoNCE
449,7,Circle,0.0,KSG
450,7,Gaussian mixture,-0.023387052172214762,LMI
451,7,Gaussian mixture,0.03733897584601647,LMI-MINE
452,7,Gaussian mixture,0.03477399218891137,LMI-InfoNCE
453,7,Gaussian mixture,0.0,MINE
454,7,Gaussian mixture,0.0,InfoNCE
455,7,Gaussian mixture,0.06374700033587428,KSG
456,7,Circle,0.003982864737706439,LMI
457,7,Circle,-0.03717756215250619,LMI-MINE
458,7,Circle,-0.05347310776185731,LMI-InfoNCE
459,7,Circle,0.0,MINE
460,7,Circle,0.0,InfoNCE
461,7,Circle,0.0,KSG
462,7,Gaussian mixture,0.007953124654007084,LMI
463,7,Gaussian mixture,-0.07970491199474665,LMI-MINE
464,7,Gaussian mixture,-0.07204044736113761,LMI-InfoNCE
465,7,Gaussian mixture,0.0,MINE
466,7,Gaussian mixture,0.0,InfoNCE
467,7,Gaussian mixture,0.015589628607842151,KSG
468,7,Circle,-0.03141913618084198,LMI
469,7,Circle,0.0637461337898849,LMI-MINE
470,7,Circle,0.07778134054164285,LMI-InfoNCE
471,7,Circle,0.0,MINE
472,7,Circle,0.0,InfoNCE
473,7,Circle,0.0,KSG
474,7,Gaussian mixture,0.015963840570952584,LMI
475,7,Gaussian mixture,-0.08552742984380869,LMI-MINE
476,7,Gaussian mixture,0.02221485952041886,LMI-InfoNCE
477,7,Gaussian mixture,0.0,MINE
478,7,Gaussian mixture,0.0,InfoNCE
479,7,Gaussian mixture,0.1462441307981576,KSG
480,8,Circle,0.03411051052548006,LMI
481,8,Circle,0.042892214869237034,LMI-MINE
482,8,Circle,0.03878116699152017,LMI-InfoNCE
483,8,Circle,0.0,MINE
484,8,Circle,0.0,InfoNCE
485,8,Circle,0.0,KSG
486,8,Gaussian mixture,0.06333807567580149,LMI
487,8,Gaussian mixture,0.08717398559530394,LMI-MINE
488,8,Gaussian mixture,0.056821894730585056,LMI-InfoNCE
489,8,Gaussian mixture,0.0,MINE
490,8,Gaussian mixture,0.0,InfoNCE
491,8,Gaussian mixture,0.027664026954363843,KSG
492,8,Circle,0.08537186377003816,LMI
493,8,Circle,0.09260771304871644,LMI-MINE
494,8,Circle,-0.058162433847094845,LMI-InfoNCE
495,8,Circle,0.0,MINE
496,8,Circle,0.0,InfoNCE
497,8,Circle,0.0,KSG
498,8,Gaussian mixture,0.014326365623169846,LMI
499,8,Gaussian mixture,-0.04643810735610632,LMI-MINE
500,8,Gaussian mixture,-0.017189892471255176,LMI-InfoNCE
501,8,Gaussian mixture,0.0,MINE
502,8,Gaussian mixture,0.0,InfoNCE
503,8,Gaussian mixture,0.095095582614772,KSG
504,8,Circle,0.045845668621043514,LMI
505,8,Circle,-0.004147754348345537,LMI-MINE
506,8,Circle,0.05226270472812301,LMI-InfoNCE
507,8,Circle,0.0,MINE
508,8,Circle,0.0,InfoNCE
509,8,Circle,0.0,KSG
510,8,Gaussian mixture,0.027791758212324515,LMI
511,8,Gaussian mixture,-0.04893687556196184,LMI-MINE
512,8,Gaussian mixture,0.11731582431450835,LMI-InfoNCE
513,8,Gaussian mixture,0.0,MINE
514,8,Gaussian mixture,0.0,InfoNCE
515,8,Gaussian mixture,0.03222150152515416,KSG
516,8,Circle,-0.007851569752924939,LMI
517,8,Circle,-0.05023514302512199,LMI-MINE
518,8,Circle,-0.007207189718173623,LMI-InfoNCE
519,8,Circle,0.0,MINE
520,8,Circle,0.0,InfoNCE
521,8,Circle,0.0,KSG
522,8,Gaussian mixture,-0.004586745616756005,LMI
523,8,Gaussian mixture,0.09432782060017413,LMI-MINE
524,8,Gaussian mixture,-0.09302227271764577,LMI-InfoNCE
525,8,Gaussian mixture,0.0,MINE
526,8,Gaussian mixture,0.0,InfoNCE
527,8,Gaussian mixture,0.0787618900362213,KSG
528,8,Circle,-0.013256053286497307,LMI
529,8,Circle,0.07532647991651842,LMI-MINE
530,8,Circle,-0.04604920410043811,LMI-InfoNCE
531,8,Circle,0.0,MINE
532,8,Circle,0.0,InfoNCE
533,8,Circle,0.0,KSG
534,8,Gaussian mixture,-0.032360590537565556,LMI
535,8,Gaussian mixture,0.03275458788891581,LMI-MINE
536,8,Gaussian mixture,-0.021125093249324475,LMI-InfoNCE
537,8,Gaussian mixture,0.0,MINE
538,8,Gaussian mixture,0.0,InfoNCE
539,8,Gaussian mixture,0.07831506801692646,KSG
540,9,Circle,-0.025919589086316884,LMI
541,9,Circle,0.04231798149796216,LMI-MINE
542,9,Circle,-0.015971962785161525,LMI-InfoNCE
543,9,Circle,0.0,MINE
544,9,Circle,0.0,InfoNCE
545,9,Circle,0.0,KSG
546,9,Gaussian mixture,0.05053974746071309,LMI
547,9,Gaussian mixture,0.025713282989972355,LMI-MINE
548,9,Gaussian mixture,0.007006734060181454,LMI-InfoNCE
549,9,Gaussian mixture,0.0,MINE
550,9,Gaussian mixture,0.0,InfoNCE
551,9,Gaussian mixture,0.02343635651454434,KSG
552,9,Circle,0.022384022371518944,LMI
553,9,Circle,0.041089829597376136,LMI-MINE
554,9,Circle,-0.011679189806691553,LMI-InfoNCE
555,9,Circle,0.0,MINE
556,9,Circle,0.0,InfoNCE
557,9,Circle,0.0,KSG
558,9,Gaussian mixture,0.06893703962764465,LMI
559,9,Gaussian mixture,-0.02349628624081736,LMI-MINE
560,9,Gaussian mixture,0.06909370718044475,LMI-InfoNCE
561,9,Gaussian mixture,0.0,MINE
562,9,Gaussian mixture,0.0,InfoNCE
563,9,Gaussian mixture,0.15822053991327237,KSG
564,9,Circle,-0.00786494541394339,LMI
565,9,Circle,-0.03718270721599587,LMI-MINE
566,9,Circle,-0.038451991716366776,LMI-InfoNCE
567,9,Circle,0.0,MINE
568,9,Circle,0.0,InfoNCE
569,9,Circle,0.010653828606000159,KSG
570,9,Gaussian mixture,-0.02232916144421784,LMI
571,9,Gaussian mixture,-0.06830376552007374,LMI-MINE
572,9,Gaussian mixture,0.015967371050689877,LMI-InfoNCE
573,9,Gaussian mixture,0.0,MINE
574,9,Gaussian mixture,0.0,InfoNCE
575,9,Gaussian mixture,0.11413050793386528,KSG
576,9,Circle,0.040243707268538854,LMI
577,9,Circle,0.059966110245662646,LMI-MINE
578,9,Circle,0.01206012622015586,LMI-InfoNCE
579,9,Circle,0.0,MINE
580,9,Circle,0.0,InfoNCE
581,9,Circle,0.0,KSG
582,9,Gaussian mixture,-0.02909700894022214,LMI
583,9,Gaussian mixture,0.06669763163229661,LMI-MINE
584,9,Gaussian mixture,-0.008136760865639659,LMI-InfoNCE
585,9,Gaussian mixture,0.0,MINE
586,9,Gaussian mixture,0.0,InfoNCE
587,9,Gaussian mixture,0.10391445395036712,KSG
588,9,Circle,-0.027344574361956024,LMI
589,9,Circle,0.03596134725050241,LMI-MINE
590,9,Circle,0.01262867295967022,LMI-InfoNCE
591,9,Circle,0.0,MINE
592,9,Circle,0.0,InfoNCE
593,9,Circle,0.0,KSG
594,9,Gaussian mixture,0.07152841445356936,LMI
595,9,Gaussian mixture,-0.0011530350203980513,LMI-MINE
596,9,Gaussian mixture,-0.00921175850202154,LMI-InfoNCE
597,9,Gaussian mixture,0.0,MINE
598,9,Gaussian mixture,0.0,InfoNCE
599,9,Gaussian mixture,0.09634654472655158,KSG
